INCIDENT_ID,DATA_YEAR,STATE_ABBR,SUM_VICTIM_COUNT,latitude,longitude,STATE_NAME
28376,All,AK,219,63.588753,-154.493062,Alaska
28377,All,AR,1227,35.20105,-91.831833,Arkansas
28378,All,AZ,6044,34.048928,-111.093731,Arizona
28379,All,CA,30256,36.778261,-119.417932,California
28380,All,CO,3769,39.550051,-105.782067,Colorado
28381,All,CT,3374,41.603221,-73.087749,Connecticut
28382,All,DC,1881,38.905985,-77.033418,District of Columbia
28383,All,DE,709,38.910832,-75.52767,Delaware
28384,All,FL,3836,27.664827,-81.515754,Florida
28385,All,GA,1280,32.157435,-82.907123,Georgia
28386,All,IA,599,41.878003,-93.097702,Iowa
28387,All,ID,877,44.068202,-114.742041,Idaho
28388,All,IL,3402,40.633125,-89.398528,Illinois
28389,All,IN,2217,40.551217,-85.602364,Indiana
28390,All,KS,2039,39.011902,-98.484246,Kansas
28391,All,KY,3781,37.839333,-84.270018,Kentucky
28392,All,LA,632,31.244823,-92.145024,Louisiana
28393,All,MA,9223,42.407211,-71.382437,Massachusetts
28394,All,MD,2589,39.045755,-76.641271,Maryland
28395,All,ME,1196,45.253783,-69.445469,Maine
28396,All,MI,10820,44.314844,-85.602364,Michigan
28397,All,MN,3881,46.729553,-94.6859,Minnesota
28398,All,MO,2554,37.964253,-91.831833,Missouri
28399,All,MS,215,32.354668,-89.398528,Mississippi
28400,All,MT,723,46.879682,-110.362566,Montana
28401,All,NE,2166,41.492537,-99.901813,Nebraska
28402,All,NC,3539,35.759573,-79.0193,North Carolina
28403,All,ND,528,47.551493,-101.002012,North Dakota
28404,All,NH,767,43.193852,-71.572395,New Hampshire
28405,All,NJ,13135,40.058324,-74.405661,New Jersey
28406,All,NM,544,34.97273,-105.032363,New Mexico
28407,All,NV,1806,38.80261,-116.419389,Nevada
28408,All,NY,13036,43.299428,-74.217933,New York
28409,All,OH,8293,40.417287,-82.907123,Ohio
28410,All,OK,1063,35.007752,-97.092877,Oklahoma
28411,All,OR,3330,43.804133,-120.554201,Oregon
28412,All,PA,1823,41.203322,-77.194525,Pennsylvania
28413,All,RI,544,41.580095,-71.477429,Rhode Island
28414,All,SC,2118,33.836081,-81.163725,South Carolina
28415,All,SD,594,43.969515,-99.901813,South Dakota
28416,All,TN,4466,35.517491,-86.580447,Tennessee
28417,All,TX,6502,31.968599,-99.901813,Texas
28418,All,UT,1433,39.32098,-111.093731,Utah
28419,All,VA,5282,37.431573,-78.656894,Virginia
28420,All,VT,606,44.558803,-72.577841,Vermont
28421,All,WA,7642,47.751074,-120.740139,Washington
28422,All,WI,1555,43.78444,-88.787868,Wisconsin
28423,All,WV,983,38.597626,-80.454903,West Virginia
28424,All,WY,164,43.075968,-107.290284,Wyoming
28425,All,AL,261,32.318231,-86.902298,Alabama
28426,All,HI,138,19.898682,-155.665857,Hawaii
28427,2020,AK,12,63.588753,-154.493062,Alaska
28428,2020,AL,34,32.318231,-86.902298,Alabama
28429,2020,AR,59,35.20105,-91.831833,Arkansas
28430,2020,AZ,346,34.048928,-111.093731,Arizona
28431,2020,CA,1578,36.778261,-119.417932,California
28432,2020,CO,367,39.550051,-105.782067,Colorado
28433,2020,CT,129,41.603221,-73.087749,Connecticut
28434,2020,DC,152,38.905985,-77.033418,District of Columbia
28435,2020,DE,18,38.910832,-75.52767,Delaware
28436,2020,FL,119,27.664827,-81.515754,Florida
28437,2020,GA,311,32.157435,-82.907123,Georgia
28438,2020,HI,40,19.898682,-155.665857,Hawaii
28439,2020,IA,27,41.878003,-93.097702,Iowa
28440,2020,ID,59,44.068202,-114.742041,Idaho
28441,2020,IL,81,40.633125,-89.398528,Illinois
28442,2020,IN,238,40.551217,-85.602364,Indiana
28443,2020,KS,161,39.011902,-98.484246,Kansas
28444,2020,KY,234,37.839333,-84.270018,Kentucky
28445,2020,LA,77,31.244823,-92.145024,Louisiana
28446,2020,MA,477,42.407211,-71.382437,Massachusetts
28447,2020,MD,47,39.045755,-76.641271,Maryland
28448,2020,ME,96,45.253783,-69.445469,Maine
28449,2020,MI,513,44.314844,-85.602364,Michigan
28450,2020,MN,240,46.729553,-94.6859,Minnesota
28451,2020,MO,187,37.964253,-91.831833,Missouri
28452,2020,MS,37,32.354668,-89.398528,Mississippi
28453,2020,MT,30,46.879682,-110.362566,Montana
28454,2020,NE,1121,41.492537,-99.901813,Nebraska
28455,2020,NC,436,35.759573,-79.0193,North Carolina
28456,2020,ND,31,47.551493,-101.002012,North Dakota
28457,2020,NH,36,43.193852,-71.572395,New Hampshire
28458,2020,NJ,1428,40.058324,-74.405661,New Jersey
28459,2020,NM,91,34.97273,-105.032363,New Mexico
28460,2020,NV,201,38.80261,-116.419389,Nevada
28461,2020,NY,470,43.299428,-74.217933,New York
28462,2020,OH,670,40.417287,-82.907123,Ohio
28463,2020,OK,79,35.007752,-97.092877,Oklahoma
28464,2020,OR,345,43.804133,-120.554201,Oregon
28465,2020,PA,102,41.203322,-77.194525,Pennsylvania
28466,2020,RI,16,41.580095,-71.477429,Rhode Island
28467,2020,SC,148,33.836081,-81.163725,South Carolina
28468,2020,SD,19,43.969515,-99.901813,South Dakota
28469,2020,TN,158,35.517491,-86.580447,Tennessee
28470,2020,TX,640,31.968599,-99.901813,Texas
28471,2020,UT,61,39.32098,-111.093731,Utah
28472,2020,VA,217,37.431573,-78.656894,Virginia
28473,2020,VT,84,44.558803,-72.577841,Vermont
28474,2020,WA,543,47.751074,-120.740139,Washington
28475,2020,WI,181,43.78444,-88.787868,Wisconsin
28476,2020,WV,91,38.597626,-80.454903,West Virginia
28477,2020,WY,21,43.075968,-107.290284,Wyoming
28478,2019,AK,17,63.588753,-154.493062,Alaska
28479,2019,AL,1,32.318231,-86.902298,Alabama
28480,2019,AR,17,35.20105,-91.831833,Arkansas
28481,2019,AZ,255,34.048928,-111.093731,Arizona
28482,2019,CA,1261,36.778261,-119.417932,California
28483,2019,CO,292,39.550051,-105.782067,Colorado
28484,2019,CT,92,41.603221,-73.087749,Connecticut
28485,2019,DC,251,38.905985,-77.033418,District of Columbia
28486,2019,DE,27,38.910832,-75.52767,Delaware
28487,2019,FL,136,27.664827,-81.515754,Florida
28488,2019,GA,174,32.157435,-82.907123,Georgia
28489,2019,HI,51,19.898682,-155.665857,Hawaii
28490,2019,IA,12,41.878003,-93.097702,Iowa
28491,2019,ID,40,44.068202,-114.742041,Idaho
28492,2019,IL,100,40.633125,-89.398528,Illinois
28493,2019,IN,107,40.551217,-85.602364,Indiana
28494,2019,KS,102,39.011902,-98.484246,Kansas
28495,2019,KY,181,37.839333,-84.270018,Kentucky
28496,2019,LA,34,31.244823,-92.145024,Louisiana
28497,2019,MA,438,42.407211,-71.382437,Massachusetts
28498,2019,MD,19,39.045755,-76.641271,Maryland
28499,2019,ME,25,45.253783,-69.445469,Maine
28500,2019,MI,476,44.314844,-85.602364,Michigan
28501,2019,MN,190,46.729553,-94.6859,Minnesota
28502,2019,MO,114,37.964253,-91.831833,Missouri
28503,2019,MS,21,32.354668,-89.398528,Mississippi
28504,2019,MT,44,46.879682,-110.362566,Montana
28505,2019,NE,53,41.492537,-99.901813,Nebraska
28506,2019,NC,335,35.759573,-79.0193,North Carolina
28507,2019,ND,22,47.551493,-101.002012,North Dakota
28508,2019,NH,18,43.193852,-71.572395,New Hampshire
28509,2019,NJ,1007,40.058324,-74.405661,New Jersey
28510,2019,NM,68,34.97273,-105.032363,New Mexico
28511,2019,NV,57,38.80261,-116.419389,Nevada
28512,2019,NY,627,43.299428,-74.217933,New York
28513,2019,OH,394,40.417287,-82.907123,Ohio
28514,2019,OK,34,35.007752,-97.092877,Oklahoma
28515,2019,OR,222,43.804133,-120.554201,Oregon
28516,2019,PA,55,41.203322,-77.194525,Pennsylvania
28517,2019,RI,21,41.580095,-71.477429,Rhode Island
28518,2019,SC,74,33.836081,-81.163725,South Carolina
28519,2019,SD,24,43.969515,-99.901813,South Dakota
28520,2019,TN,151,35.517491,-86.580447,Tennessee
28521,2019,TX,522,31.968599,-99.901813,Texas
28522,2019,UT,52,39.32098,-111.093731,Utah
28523,2019,VA,194,37.431573,-78.656894,Virginia
28524,2019,VT,38,44.558803,-72.577841,Vermont
28525,2019,WA,644,47.751074,-120.740139,Washington
28526,2019,WI,57,43.78444,-88.787868,Wisconsin
28527,2019,WV,60,38.597626,-80.454903,West Virginia
28528,2019,WY,6,43.075968,-107.290284,Wyoming
28529,2018,AK,6,63.588753,-154.493062,Alaska
28530,2018,AR,24,35.20105,-91.831833,Arkansas
28531,2018,AZ,222,34.048928,-111.093731,Arizona
28532,2018,CA,1267,36.778261,-119.417932,California
28533,2018,CO,143,39.550051,-105.782067,Colorado
28534,2018,CT,119,41.603221,-73.087749,Connecticut
28535,2018,DC,237,38.905985,-77.033418,District of Columbia
28536,2018,DE,25,38.910832,-75.52767,Delaware
28537,2018,FL,168,27.664827,-81.515754,Florida
28538,2018,GA,43,32.157435,-82.907123,Georgia
28539,2018,HI,47,19.898682,-155.665857,Hawaii
28540,2018,IA,22,41.878003,-93.097702,Iowa
28541,2018,ID,28,44.068202,-114.742041,Idaho
28542,2018,IL,147,40.633125,-89.398528,Illinois
28543,2018,IN,233,40.551217,-85.602364,Indiana
28544,2018,KS,101,39.011902,-98.484246,Kansas
28545,2018,KY,302,37.839333,-84.270018,Kentucky
28546,2018,LA,60,31.244823,-92.145024,Louisiana
28547,2018,MA,430,42.407211,-71.382437,Massachusetts
28548,2018,MD,54,39.045755,-76.641271,Maryland
28549,2018,ME,22,45.253783,-69.445469,Maine
28550,2018,MI,518,44.314844,-85.602364,Michigan
28551,2018,MN,164,46.729553,-94.6859,Minnesota
28552,2018,MO,88,37.964253,-91.831833,Missouri
28553,2018,MS,11,32.354668,-89.398528,Mississippi
28554,2018,MT,12,46.879682,-110.362566,Montana
28555,2018,NE,44,41.492537,-99.901813,Nebraska
28556,2018,NC,218,35.759573,-79.0193,North Carolina
28557,2018,ND,12,47.551493,-101.002012,North Dakota
28558,2018,NH,19,43.193852,-71.572395,New Hampshire
28559,2018,NJ,559,40.058324,-74.405661,New Jersey
28560,2018,NM,58,34.97273,-105.032363,New Mexico
28561,2018,NV,46,38.80261,-116.419389,Nevada
28562,2018,NY,531,43.299428,-74.217933,New York
28563,2018,OH,418,40.417287,-82.907123,Ohio
28564,2018,OK,39,35.007752,-97.092877,Oklahoma
28565,2018,OR,182,43.804133,-120.554201,Oregon
28566,2018,PA,78,41.203322,-77.194525,Pennsylvania
28567,2018,RI,16,41.580095,-71.477429,Rhode Island
28568,2018,SC,75,33.836081,-81.163725,South Carolina
28569,2018,SD,27,43.969515,-99.901813,South Dakota
28570,2018,TN,194,35.517491,-86.580447,Tennessee
28571,2018,TX,465,31.968599,-99.901813,Texas
28572,2018,UT,57,39.32098,-111.093731,Utah
28573,2018,VA,193,37.431573,-78.656894,Virginia
28574,2018,VT,47,44.558803,-72.577841,Vermont
28575,2018,WA,716,47.751074,-120.740139,Washington
28576,2018,WI,55,43.78444,-88.787868,Wisconsin
28577,2018,WV,95,38.597626,-80.454903,West Virginia
28578,2017,AK,4,63.588753,-154.493062,Alaska
28579,2017,AL,14,32.318231,-86.902298,Alabama
28580,2017,AR,27,35.20105,-91.831833,Arkansas
28581,2017,AZ,357,34.048928,-111.093731,Arizona
28582,2017,CA,1316,36.778261,-119.417932,California
28583,2017,CO,105,39.550051,-105.782067,Colorado
28584,2017,CT,125,41.603221,-73.087749,Connecticut
28585,2017,DC,209,38.905985,-77.033418,District of Columbia
28586,2017,DE,31,38.910832,-75.52767,Delaware
28587,2017,FL,172,27.664827,-81.515754,Florida
28588,2017,GA,231,32.157435,-82.907123,Georgia
28589,2017,IA,11,41.878003,-93.097702,Iowa
28590,2017,ID,50,44.068202,-114.742041,Idaho
28591,2017,IL,104,40.633125,-89.398528,Illinois
28592,2017,IN,121,40.551217,-85.602364,Indiana
28593,2017,KS,88,39.011902,-98.484246,Kansas
28594,2017,KY,486,37.839333,-84.270018,Kentucky
28595,2017,LA,53,31.244823,-92.145024,Louisiana
28596,2017,MA,517,42.407211,-71.382437,Massachusetts
28597,2017,MD,115,39.045755,-76.641271,Maryland
28598,2017,ME,43,45.253783,-69.445469,Maine
28599,2017,MI,523,44.314844,-85.602364,Michigan
28600,2017,MN,184,46.729553,-94.6859,Minnesota
28601,2017,MO,143,37.964253,-91.831833,Missouri
28602,2017,MS,65,32.354668,-89.398528,Mississippi
28603,2017,MT,25,46.879682,-110.362566,Montana
28604,2017,NE,41,41.492537,-99.901813,Nebraska
28605,2017,NC,238,35.759573,-79.0193,North Carolina
28606,2017,ND,17,47.551493,-101.002012,North Dakota
28607,2017,NH,20,43.193852,-71.572395,New Hampshire
28608,2017,NJ,511,40.058324,-74.405661,New Jersey
28609,2017,NM,14,34.97273,-105.032363,New Mexico
28610,2017,NV,7,38.80261,-116.419389,Nevada
28611,2017,NY,571,43.299428,-74.217933,New York
28612,2017,OH,462,40.417287,-82.907123,Ohio
28613,2017,OK,37,35.007752,-97.092877,Oklahoma
28614,2017,OR,186,43.804133,-120.554201,Oregon
28615,2017,PA,95,41.203322,-77.194525,Pennsylvania
28616,2017,RI,12,41.580095,-71.477429,Rhode Island
28617,2017,SC,95,33.836081,-81.163725,South Carolina
28618,2017,SD,16,43.969515,-99.901813,South Dakota
28619,2017,TN,214,35.517491,-86.580447,Tennessee
28620,2017,TX,223,31.968599,-99.901813,Texas
28621,2017,UT,61,39.32098,-111.093731,Utah
28622,2017,VA,256,37.431573,-78.656894,Virginia
28623,2017,VT,36,44.558803,-72.577841,Vermont
28624,2017,WA,648,47.751074,-120.740139,Washington
28625,2017,WI,49,43.78444,-88.787868,Wisconsin
28626,2017,WV,44,38.597626,-80.454903,West Virginia
28627,2017,WY,23,43.075968,-107.290284,Wyoming
28628,2016,AK,13,63.588753,-154.493062,Alaska
28629,2016,AL,17,32.318231,-86.902298,Alabama
28630,2016,AR,15,35.20105,-91.831833,Arkansas
28631,2016,AZ,304,34.048928,-111.093731,Arizona
28632,2016,CA,1190,36.778261,-119.417932,California
28633,2016,CO,143,39.550051,-105.782067,Colorado
28634,2016,CT,137,41.603221,-73.087749,Connecticut
28635,2016,DC,129,38.905985,-77.033418,District of Columbia
28636,2016,DE,19,38.910832,-75.52767,Delaware
28637,2016,FL,130,27.664827,-81.515754,Florida
28638,2016,GA,46,32.157435,-82.907123,Georgia
28639,2016,IA,23,41.878003,-93.097702,Iowa
28640,2016,ID,35,44.068202,-114.742041,Idaho
28641,2016,IL,124,40.633125,-89.398528,Illinois
28642,2016,IN,169,40.551217,-85.602364,Indiana
28643,2016,KS,77,39.011902,-98.484246,Kansas
28644,2016,KY,276,37.839333,-84.270018,Kentucky
28645,2016,LA,33,31.244823,-92.145024,Louisiana
28646,2016,MA,473,42.407211,-71.382437,Massachusetts
28647,2016,MD,43,39.045755,-76.641271,Maryland
28648,2016,ME,47,45.253783,-69.445469,Maine
28649,2016,MI,491,44.314844,-85.602364,Michigan
28650,2016,MN,172,46.729553,-94.6859,Minnesota
28651,2016,MO,128,37.964253,-91.831833,Missouri
28652,2016,MS,27,32.354668,-89.398528,Mississippi
28653,2016,MT,22,46.879682,-110.362566,Montana
28654,2016,NE,35,41.492537,-99.901813,Nebraska
28655,2016,NC,216,35.759573,-79.0193,North Carolina
28656,2016,ND,15,47.551493,-101.002012,North Dakota
28657,2016,NH,43,43.193852,-71.572395,New Hampshire
28658,2016,NJ,309,40.058324,-74.405661,New Jersey
28659,2016,NM,39,34.97273,-105.032363,New Mexico
28660,2016,NV,54,38.80261,-116.419389,Nevada
28661,2016,NY,603,43.299428,-74.217933,New York
28662,2016,OH,560,40.417287,-82.907123,Ohio
28663,2016,OK,37,35.007752,-97.092877,Oklahoma
28664,2016,OR,131,43.804133,-120.554201,Oregon
28665,2016,PA,82,41.203322,-77.194525,Pennsylvania
28666,2016,RI,14,41.580095,-71.477429,Rhode Island
28667,2016,SC,31,33.836081,-81.163725,South Carolina
28668,2016,SD,21,43.969515,-99.901813,South Dakota
28669,2016,TN,201,35.517491,-86.580447,Tennessee
28670,2016,TX,228,31.968599,-99.901813,Texas
28671,2016,UT,74,39.32098,-111.093731,Utah
28672,2016,VA,163,37.431573,-78.656894,Virginia
28673,2016,VT,26,44.558803,-72.577841,Vermont
28674,2016,WA,524,47.751074,-120.740139,Washington
28675,2016,WI,49,43.78444,-88.787868,Wisconsin
28676,2016,WV,50,38.597626,-80.454903,West Virginia
28677,2016,WY,4,43.075968,-107.290284,Wyoming
28678,2015,AK,20,63.588753,-154.493062,Alaska
28679,2015,AL,12,32.318231,-86.902298,Alabama
28680,2015,AR,9,35.20105,-91.831833,Arkansas
28681,2015,AZ,357,34.048928,-111.093731,Arizona
28682,2015,CA,1057,36.778261,-119.417932,California
28683,2015,CO,146,39.550051,-105.782067,Colorado
28684,2015,CT,109,41.603221,-73.087749,Connecticut
28685,2015,DC,79,38.905985,-77.033418,District of Columbia
28686,2015,DE,11,38.910832,-75.52767,Delaware
28687,2015,FL,90,27.664827,-81.515754,Florida
28688,2015,GA,49,32.157435,-82.907123,Georgia
28689,2015,IA,6,41.878003,-93.097702,Iowa
28690,2015,ID,49,44.068202,-114.742041,Idaho
28691,2015,IL,104,40.633125,-89.398528,Illinois
28692,2015,IN,79,40.551217,-85.602364,Indiana
28693,2015,KS,81,39.011902,-98.484246,Kansas
28694,2015,KY,225,37.839333,-84.270018,Kentucky
28695,2015,LA,48,31.244823,-92.145024,Louisiana
28696,2015,MA,510,42.407211,-71.382437,Massachusetts
28697,2015,MD,44,39.045755,-76.641271,Maryland
28698,2015,ME,47,45.253783,-69.445469,Maine
28699,2015,MI,385,44.314844,-85.602364,Michigan
28700,2015,MN,140,46.729553,-94.6859,Minnesota
28701,2015,MO,146,37.964253,-91.831833,Missouri
28702,2015,MT,54,46.879682,-110.362566,Montana
28703,2015,NE,19,41.492537,-99.901813,Nebraska
28704,2015,NC,222,35.759573,-79.0193,North Carolina
28705,2015,ND,55,47.551493,-101.002012,North Dakota
28706,2015,NH,15,43.193852,-71.572395,New Hampshire
28707,2015,NJ,349,40.058324,-74.405661,New Jersey
28708,2015,NM,14,34.97273,-105.032363,New Mexico
28709,2015,NV,74,38.80261,-116.419389,Nevada
28710,2015,NY,519,43.299428,-74.217933,New York
28711,2015,OH,482,40.417287,-82.907123,Ohio
28712,2015,OK,55,35.007752,-97.092877,Oklahoma
28713,2015,OR,102,43.804133,-120.554201,Oregon
28714,2015,PA,70,41.203322,-77.194525,Pennsylvania
28715,2015,RI,19,41.580095,-71.477429,Rhode Island
28716,2015,SC,74,33.836081,-81.163725,South Carolina
28717,2015,SD,22,43.969515,-99.901813,South Dakota
28718,2015,TN,307,35.517491,-86.580447,Tennessee
28719,2015,TX,223,31.968599,-99.901813,Texas
28720,2015,UT,61,39.32098,-111.093731,Utah
28721,2015,VA,195,37.431573,-78.656894,Virginia
28722,2015,VT,9,44.558803,-72.577841,Vermont
28723,2015,WA,356,47.751074,-120.740139,Washington
28724,2015,WI,51,43.78444,-88.787868,Wisconsin
28725,2015,WV,51,38.597626,-80.454903,West Virginia
28726,2015,WY,2,43.075968,-107.290284,Wyoming
28727,2014,AK,9,63.588753,-154.493062,Alaska
28728,2014,AL,10,32.318231,-86.902298,Alabama
28729,2014,AR,19,35.20105,-91.831833,Arkansas
28730,2014,AZ,325,34.048928,-111.093731,Arizona
28731,2014,CA,980,36.778261,-119.417932,California
28732,2014,CO,128,39.550051,-105.782067,Colorado
28733,2014,CT,153,41.603221,-73.087749,Connecticut
28734,2014,DC,89,38.905985,-77.033418,District of Columbia
28735,2014,DE,18,38.910832,-75.52767,Delaware
28736,2014,FL,73,27.664827,-81.515754,Florida
28737,2014,GA,50,32.157435,-82.907123,Georgia
28738,2014,IA,15,41.878003,-93.097702,Iowa
28739,2014,ID,41,44.068202,-114.742041,Idaho
28740,2014,IL,146,40.633125,-89.398528,Illinois
28741,2014,IN,61,40.551217,-85.602364,Indiana
28742,2014,KS,90,39.011902,-98.484246,Kansas
28743,2014,KY,225,37.839333,-84.270018,Kentucky
28744,2014,LA,11,31.244823,-92.145024,Louisiana
28745,2014,MA,435,42.407211,-71.382437,Massachusetts
28746,2014,MD,18,39.045755,-76.641271,Maryland
28747,2014,ME,35,45.253783,-69.445469,Maine
28748,2014,MI,396,44.314844,-85.602364,Michigan
28749,2014,MN,120,46.729553,-94.6859,Minnesota
28750,2014,MO,111,37.964253,-91.831833,Missouri
28751,2014,MS,2,32.354668,-89.398528,Mississippi
28752,2014,MT,56,46.879682,-110.362566,Montana
28753,2014,NE,62,41.492537,-99.901813,Nebraska
28754,2014,NC,201,35.759573,-79.0193,North Carolina
28755,2014,ND,54,47.551493,-101.002012,North Dakota
28756,2014,NH,23,43.193852,-71.572395,New Hampshire
28757,2014,NJ,347,40.058324,-74.405661,New Jersey
28758,2014,NM,13,34.97273,-105.032363,New Mexico
28759,2014,NV,30,38.80261,-116.419389,Nevada
28760,2014,NY,560,43.299428,-74.217933,New York
28761,2014,OH,527,40.417287,-82.907123,Ohio
28762,2014,OK,36,35.007752,-97.092877,Oklahoma
28763,2014,OR,83,43.804133,-120.554201,Oregon
28764,2014,PA,71,41.203322,-77.194525,Pennsylvania
28765,2014,RI,6,41.580095,-71.477429,Rhode Island
28766,2014,SC,67,33.836081,-81.163725,South Carolina
28767,2014,SD,18,43.969515,-99.901813,South Dakota
28768,2014,TN,231,35.517491,-86.580447,Tennessee
28769,2014,TX,184,31.968599,-99.901813,Texas
28770,2014,UT,68,39.32098,-111.093731,Utah
28771,2014,VA,142,37.431573,-78.656894,Virginia
28772,2014,VT,15,44.558803,-72.577841,Vermont
28773,2014,WA,405,47.751074,-120.740139,Washington
28774,2014,WI,67,43.78444,-88.787868,Wisconsin
28775,2014,WV,32,38.597626,-80.454903,West Virginia
28776,2013,AK,9,63.588753,-154.493062,Alaska
28777,2013,AL,6,32.318231,-86.902298,Alabama
28778,2013,AR,34,35.20105,-91.831833,Arkansas
28779,2013,AZ,284,34.048928,-111.093731,Arizona
28780,2013,CA,1049,36.778261,-119.417932,California
28781,2013,CO,171,39.550051,-105.782067,Colorado
28782,2013,CT,175,41.603221,-73.087749,Connecticut
28783,2013,DC,81,38.905985,-77.033418,District of Columbia
28784,2013,DE,21,38.910832,-75.52767,Delaware
28785,2013,FL,133,27.664827,-81.515754,Florida
28786,2013,GA,73,32.157435,-82.907123,Georgia
28787,2013,IA,16,41.878003,-93.097702,Iowa
28788,2013,ID,39,44.068202,-114.742041,Idaho
28789,2013,IL,140,40.633125,-89.398528,Illinois
28790,2013,IN,78,40.551217,-85.602364,Indiana
28791,2013,KS,86,39.011902,-98.484246,Kansas
28792,2013,KY,232,37.839333,-84.270018,Kentucky
28793,2013,LA,26,31.244823,-92.145024,Louisiana
28794,2013,MA,418,42.407211,-71.382437,Massachusetts
28795,2013,MD,61,39.045755,-76.641271,Maryland
28796,2013,ME,28,45.253783,-69.445469,Maine
28797,2013,MI,416,44.314844,-85.602364,Michigan
28798,2013,MN,170,46.729553,-94.6859,Minnesota
28799,2013,MO,125,37.964253,-91.831833,Missouri
28800,2013,MS,4,32.354668,-89.398528,Mississippi
28801,2013,MT,46,46.879682,-110.362566,Montana
28802,2013,NE,36,41.492537,-99.901813,Nebraska
28803,2013,NC,150,35.759573,-79.0193,North Carolina
28804,2013,ND,65,47.551493,-101.002012,North Dakota
28805,2013,NH,27,43.193852,-71.572395,New Hampshire
28806,2013,NJ,447,40.058324,-74.405661,New Jersey
28807,2013,NM,12,34.97273,-105.032363,New Mexico
28808,2013,NV,82,38.80261,-116.419389,Nevada
28809,2013,NY,658,43.299428,-74.217933,New York
28810,2013,OH,433,40.417287,-82.907123,Ohio
28811,2013,OK,50,35.007752,-97.092877,Oklahoma
28812,2013,OR,82,43.804133,-120.554201,Oregon
28813,2013,PA,117,41.203322,-77.194525,Pennsylvania
28814,2013,RI,9,41.580095,-71.477429,Rhode Island
28815,2013,SC,63,33.836081,-81.163725,South Carolina
28816,2013,SD,27,43.969515,-99.901813,South Dakota
28817,2013,TN,255,35.517491,-86.580447,Tennessee
28818,2013,TX,188,31.968599,-99.901813,Texas
28819,2013,UT,94,39.32098,-111.093731,Utah
28820,2013,VA,135,37.431573,-78.656894,Virginia
28821,2013,VT,15,44.558803,-72.577841,Vermont
28822,2013,WA,380,47.751074,-120.740139,Washington
28823,2013,WI,75,43.78444,-88.787868,Wisconsin
28824,2013,WV,64,38.597626,-80.454903,West Virginia
28825,2013,WY,1,43.075968,-107.290284,Wyoming
28826,2012,AK,6,63.588753,-154.493062,Alaska
28827,2012,AL,6,32.318231,-86.902298,Alabama
28828,2012,AR,52,35.20105,-91.831833,Arkansas
28829,2012,AZ,218,34.048928,-111.093731,Arizona
28830,2012,CA,1150,36.778261,-119.417932,California
28831,2012,CO,253,39.550051,-105.782067,Colorado
28832,2012,CT,192,41.603221,-73.087749,Connecticut
28833,2012,DC,81,38.905985,-77.033418,District of Columbia
28834,2012,DE,16,38.910832,-75.52767,Delaware
28835,2012,FL,170,27.664827,-81.515754,Florida
28836,2012,GA,22,32.157435,-82.907123,Georgia
28837,2012,IA,8,41.878003,-93.097702,Iowa
28838,2012,ID,42,44.068202,-114.742041,Idaho
28839,2012,IL,109,40.633125,-89.398528,Illinois
28840,2012,IN,38,40.551217,-85.602364,Indiana
28841,2012,KS,101,39.011902,-98.484246,Kansas
28842,2012,KY,249,37.839333,-84.270018,Kentucky
28843,2012,LA,4,31.244823,-92.145024,Louisiana
28844,2012,MA,359,42.407211,-71.382437,Massachusetts
28845,2012,MD,47,39.045755,-76.641271,Maryland
28846,2012,ME,62,45.253783,-69.445469,Maine
28847,2012,MI,753,44.314844,-85.602364,Michigan
28848,2012,MN,89,46.729553,-94.6859,Minnesota
28849,2012,MO,126,37.964253,-91.831833,Missouri
28850,2012,MS,19,32.354668,-89.398528,Mississippi
28851,2012,MT,47,46.879682,-110.362566,Montana
28852,2012,NE,10,41.492537,-99.901813,Nebraska
28853,2012,NC,145,35.759573,-79.0193,North Carolina
28854,2012,ND,56,47.551493,-101.002012,North Dakota
28855,2012,NH,41,43.193852,-71.572395,New Hampshire
28856,2012,NJ,534,40.058324,-74.405661,New Jersey
28857,2012,NM,4,34.97273,-105.032363,New Mexico
28858,2012,NV,123,38.80261,-116.419389,Nevada
28859,2012,NY,900,43.299428,-74.217933,New York
28860,2012,OH,316,40.417287,-82.907123,Ohio
28861,2012,OK,27,35.007752,-97.092877,Oklahoma
28862,2012,OR,65,43.804133,-120.554201,Oregon
28863,2012,PA,42,41.203322,-77.194525,Pennsylvania
28864,2012,RI,16,41.580095,-71.477429,Rhode Island
28865,2012,SC,129,33.836081,-81.163725,South Carolina
28866,2012,SD,40,43.969515,-99.901813,South Dakota
28867,2012,TN,384,35.517491,-86.580447,Tennessee
28868,2012,TX,233,31.968599,-99.901813,Texas
28869,2012,UT,125,39.32098,-111.093731,Utah
28870,2012,VA,167,37.431573,-78.656894,Virginia
28871,2012,VT,17,44.558803,-72.577841,Vermont
28872,2012,WA,338,47.751074,-120.740139,Washington
28873,2012,WI,96,43.78444,-88.787868,Wisconsin
28874,2012,WV,28,38.597626,-80.454903,West Virginia
28875,2012,WY,2,43.075968,-107.290284,Wyoming
28876,2011,AK,8,63.588753,-154.493062,Alaska
28877,2011,AL,98,32.318231,-86.902298,Alabama
28878,2011,AR,48,35.20105,-91.831833,Arkansas
28879,2011,AZ,247,34.048928,-111.093731,Arizona
28880,2011,CA,1253,36.778261,-119.417932,California
28881,2011,CO,234,39.550051,-105.782067,Colorado
28882,2011,CT,187,41.603221,-73.087749,Connecticut
28883,2011,DC,111,38.905985,-77.033418,District of Columbia
28884,2011,DE,22,38.910832,-75.52767,Delaware
28885,2011,FL,141,27.664827,-81.515754,Florida
28886,2011,GA,24,32.157435,-82.907123,Georgia
28887,2011,IA,22,41.878003,-93.097702,Iowa
28888,2011,ID,68,44.068202,-114.742041,Idaho
28889,2011,IL,94,40.633125,-89.398528,Illinois
28890,2011,IN,130,40.551217,-85.602364,Indiana
28891,2011,KS,85,39.011902,-98.484246,Kansas
28892,2011,KY,210,37.839333,-84.270018,Kentucky
28893,2011,LA,7,31.244823,-92.145024,Louisiana
28894,2011,MA,437,42.407211,-71.382437,Massachusetts
28895,2011,MD,75,39.045755,-76.641271,Maryland
28896,2011,ME,72,45.253783,-69.445469,Maine
28897,2011,MI,467,44.314844,-85.602364,Michigan
28898,2011,MN,197,46.729553,-94.6859,Minnesota
28899,2011,MO,156,37.964253,-91.831833,Missouri
28900,2011,MS,1,32.354668,-89.398528,Mississippi
28901,2011,MT,23,46.879682,-110.362566,Montana
28902,2011,NE,39,41.492537,-99.901813,Nebraska
28903,2011,NC,133,35.759573,-79.0193,North Carolina
28904,2011,ND,38,47.551493,-101.002012,North Dakota
28905,2011,NH,29,43.193852,-71.572395,New Hampshire
28906,2011,NJ,553,40.058324,-74.405661,New Jersey
28907,2011,NM,37,34.97273,-105.032363,New Mexico
28908,2011,NV,75,38.80261,-116.419389,Nevada
28909,2011,NY,711,43.299428,-74.217933,New York
28910,2011,OH,315,40.417287,-82.907123,Ohio
28911,2011,OK,41,35.007752,-97.092877,Oklahoma
28912,2011,OR,169,43.804133,-120.554201,Oregon
28913,2011,PA,25,41.203322,-77.194525,Pennsylvania
28914,2011,RI,25,41.580095,-71.477429,Rhode Island
28915,2011,SC,144,33.836081,-81.163725,South Carolina
28916,2011,SD,24,43.969515,-99.901813,South Dakota
28917,2011,TN,167,35.517491,-86.580447,Tennessee
28918,2011,TX,199,31.968599,-99.901813,Texas
28919,2011,UT,82,39.32098,-111.093731,Utah
28920,2011,VA,179,37.431573,-78.656894,Virginia
28921,2011,VT,11,44.558803,-72.577841,Vermont
28922,2011,WA,272,47.751074,-120.740139,Washington
28923,2011,WI,93,43.78444,-88.787868,Wisconsin
28924,2011,WV,22,38.597626,-80.454903,West Virginia
28925,2011,WY,3,43.075968,-107.290284,Wyoming
28926,2010,AK,9,63.588753,-154.493062,Alaska
28927,2010,AL,24,32.318231,-86.902298,Alabama
28928,2010,AR,92,35.20105,-91.831833,Arkansas
28929,2010,AZ,325,34.048928,-111.093731,Arizona
28930,2010,CA,1405,36.778261,-119.417932,California
28931,2010,CO,206,39.550051,-105.782067,Colorado
28932,2010,CT,184,41.603221,-73.087749,Connecticut
28933,2010,DC,70,38.905985,-77.033418,District of Columbia
28934,2010,DE,20,38.910832,-75.52767,Delaware
28935,2010,FL,149,27.664827,-81.515754,Florida
28936,2010,GA,19,32.157435,-82.907123,Georgia
28937,2010,IA,65,41.878003,-93.097702,Iowa
28938,2010,ID,51,44.068202,-114.742041,Idaho
28939,2010,IL,125,40.633125,-89.398528,Illinois
28940,2010,IN,118,40.551217,-85.602364,Indiana
28941,2010,KS,77,39.011902,-98.484246,Kansas
28942,2010,KY,212,37.839333,-84.270018,Kentucky
28943,2010,LA,17,31.244823,-92.145024,Louisiana
28944,2010,MA,380,42.407211,-71.382437,Massachusetts
28945,2010,MD,94,39.045755,-76.641271,Maryland
28946,2010,ME,77,45.253783,-69.445469,Maine
28947,2010,MI,384,44.314844,-85.602364,Michigan
28948,2010,MN,147,46.729553,-94.6859,Minnesota
28949,2010,MO,178,37.964253,-91.831833,Missouri
28950,2010,MS,11,32.354668,-89.398528,Mississippi
28951,2010,MT,37,46.879682,-110.362566,Montana
28952,2010,NE,62,41.492537,-99.901813,Nebraska
28953,2010,NC,140,35.759573,-79.0193,North Carolina
28954,2010,ND,13,47.551493,-101.002012,North Dakota
28955,2010,NH,39,43.193852,-71.572395,New Hampshire
28956,2010,NJ,559,40.058324,-74.405661,New Jersey
28957,2010,NM,25,34.97273,-105.032363,New Mexico
28958,2010,NV,80,38.80261,-116.419389,Nevada
28959,2010,NY,843,43.299428,-74.217933,New York
28960,2010,OH,300,40.417287,-82.907123,Ohio
28961,2010,OK,61,35.007752,-97.092877,Oklahoma
28962,2010,OR,167,43.804133,-120.554201,Oregon
28963,2010,PA,70,41.203322,-77.194525,Pennsylvania
28964,2010,RI,21,41.580095,-71.477429,Rhode Island
28965,2010,SC,135,33.836081,-81.163725,South Carolina
28966,2010,SD,61,43.969515,-99.901813,South Dakota
28967,2010,TN,168,35.517491,-86.580447,Tennessee
28968,2010,TX,208,31.968599,-99.901813,Texas
28969,2010,UT,78,39.32098,-111.093731,Utah
28970,2010,VA,207,37.431573,-78.656894,Virginia
28971,2010,VT,22,44.558803,-72.577841,Vermont
28972,2010,WA,320,47.751074,-120.740139,Washington
28973,2010,WI,121,43.78444,-88.787868,Wisconsin
28974,2010,WV,36,38.597626,-80.454903,West Virginia
28975,2010,WY,2,43.075968,-107.290284,Wyoming
28976,2009,AK,12,63.588753,-154.493062,Alaska
28977,2009,AL,10,32.318231,-86.902298,Alabama
28978,2009,AR,95,35.20105,-91.831833,Arkansas
28979,2009,AZ,296,34.048928,-111.093731,Arizona
28980,2009,CA,1325,36.778261,-119.417932,California
28981,2009,CO,282,39.550051,-105.782067,Colorado
28982,2009,CT,229,41.603221,-73.087749,Connecticut
28983,2009,DC,42,38.905985,-77.033418,District of Columbia
28984,2009,DE,46,38.910832,-75.52767,Delaware
28985,2009,FL,151,27.664827,-81.515754,Florida
28986,2009,GA,12,32.157435,-82.907123,Georgia
28987,2009,IA,23,41.878003,-93.097702,Iowa
28988,2009,ID,43,44.068202,-114.742041,Idaho
28989,2009,IL,204,40.633125,-89.398528,Illinois
28990,2009,IN,69,40.551217,-85.602364,Indiana
28991,2009,KS,155,39.011902,-98.484246,Kansas
28992,2009,KY,202,37.839333,-84.270018,Kentucky
28993,2009,LA,22,31.244823,-92.145024,Louisiana
28994,2009,MA,392,42.407211,-71.382437,Massachusetts
28995,2009,MD,120,39.045755,-76.641271,Maryland
28996,2009,ME,57,45.253783,-69.445469,Maine
28997,2009,MI,419,44.314844,-85.602364,Michigan
28998,2009,MN,193,46.729553,-94.6859,Minnesota
28999,2009,MO,171,37.964253,-91.831833,Missouri
29000,2009,MS,2,32.354668,-89.398528,Mississippi
29001,2009,MT,31,46.879682,-110.362566,Montana
29002,2009,NE,82,41.492537,-99.901813,Nebraska
29003,2009,NC,144,35.759573,-79.0193,North Carolina
29004,2009,ND,15,47.551493,-101.002012,North Dakota
29005,2009,NH,30,43.193852,-71.572395,New Hampshire
29006,2009,NJ,549,40.058324,-74.405661,New Jersey
29007,2009,NM,18,34.97273,-105.032363,New Mexico
29008,2009,NV,69,38.80261,-116.419389,Nevada
29009,2009,NY,867,43.299428,-74.217933,New York
29010,2009,OH,358,40.417287,-82.907123,Ohio
29011,2009,OK,77,35.007752,-97.092877,Oklahoma
29012,2009,OR,171,43.804133,-120.554201,Oregon
29013,2009,PA,43,41.203322,-77.194525,Pennsylvania
29014,2009,RI,42,41.580095,-71.477429,Rhode Island
29015,2009,SC,134,33.836081,-81.163725,South Carolina
29016,2009,SD,58,43.969515,-99.901813,South Dakota
29017,2009,TN,201,35.517491,-86.580447,Tennessee
29018,2009,TX,192,31.968599,-99.901813,Texas
29019,2009,UT,58,39.32098,-111.093731,Utah
29020,2009,VA,215,37.431573,-78.656894,Virginia
29021,2009,VT,29,44.558803,-72.577841,Vermont
29022,2009,WA,290,47.751074,-120.740139,Washington
29023,2009,WI,62,43.78444,-88.787868,Wisconsin
29024,2009,WV,29,38.597626,-80.454903,West Virginia
29025,2009,WY,19,43.075968,-107.290284,Wyoming
29026,2008,AK,9,63.588753,-154.493062,Alaska
29027,2008,AL,12,32.318231,-86.902298,Alabama
29028,2008,AR,113,35.20105,-91.831833,Arkansas
29029,2008,AZ,251,34.048928,-111.093731,Arizona
29030,2008,CA,1822,36.778261,-119.417932,California
29031,2008,CO,218,39.550051,-105.782067,Colorado
29032,2008,CT,217,41.603221,-73.087749,Connecticut
29033,2008,DC,48,38.905985,-77.033418,District of Columbia
29034,2008,DE,94,38.910832,-75.52767,Delaware
29035,2008,FL,195,27.664827,-81.515754,Florida
29036,2008,GA,15,32.157435,-82.907123,Georgia
29037,2008,IA,41,41.878003,-93.097702,Iowa
29038,2008,ID,45,44.068202,-114.742041,Idaho
29039,2008,IL,144,40.633125,-89.398528,Illinois
29040,2008,IN,76,40.551217,-85.602364,Indiana
29041,2008,KS,140,39.011902,-98.484246,Kansas
29042,2008,KY,92,37.839333,-84.270018,Kentucky
29043,2008,LA,77,31.244823,-92.145024,Louisiana
29044,2008,MA,408,42.407211,-71.382437,Massachusetts
29045,2008,MD,115,39.045755,-76.641271,Maryland
29046,2008,ME,74,45.253783,-69.445469,Maine
29047,2008,MI,699,44.314844,-85.602364,Michigan
29048,2008,MN,214,46.729553,-94.6859,Minnesota
29049,2008,MO,142,37.964253,-91.831833,Missouri
29050,2008,MS,5,32.354668,-89.398528,Mississippi
29051,2008,MT,33,46.879682,-110.362566,Montana
29052,2008,NE,107,41.492537,-99.901813,Nebraska
29053,2008,NC,197,35.759573,-79.0193,North Carolina
29054,2008,ND,20,47.551493,-101.002012,North Dakota
29055,2008,NH,98,43.193852,-71.572395,New Hampshire
29056,2008,NJ,744,40.058324,-74.405661,New Jersey
29057,2008,NM,10,34.97273,-105.032363,New Mexico
29058,2008,NV,119,38.80261,-116.419389,Nevada
29059,2008,NY,708,43.299428,-74.217933,New York
29060,2008,OH,450,40.417287,-82.907123,Ohio
29061,2008,OK,74,35.007752,-97.092877,Oklahoma
29062,2008,OR,228,43.804133,-120.554201,Oregon
29063,2008,PA,88,41.203322,-77.194525,Pennsylvania
29064,2008,RI,37,41.580095,-71.477429,Rhode Island
29065,2008,SC,194,33.836081,-81.163725,South Carolina
29066,2008,SD,57,43.969515,-99.901813,South Dakota
29067,2008,TN,330,35.517491,-86.580447,Tennessee
29068,2008,TX,326,31.968599,-99.901813,Texas
29069,2008,UT,59,39.32098,-111.093731,Utah
29070,2008,VA,311,37.431573,-78.656894,Virginia
29071,2008,VT,29,44.558803,-72.577841,Vermont
29072,2008,WA,334,47.751074,-120.740139,Washington
29073,2008,WI,111,43.78444,-88.787868,Wisconsin
29074,2008,WV,54,38.597626,-80.454903,West Virginia
29075,2008,WY,12,43.075968,-107.290284,Wyoming
29076,2007,AK,10,63.588753,-154.493062,Alaska
29077,2007,AL,8,32.318231,-86.902298,Alabama
29078,2007,AR,40,35.20105,-91.831833,Arkansas
29079,2007,AZ,228,34.048928,-111.093731,Arizona
29080,2007,CA,1901,36.778261,-119.417932,California
29081,2007,CO,219,39.550051,-105.782067,Colorado
29082,2007,CT,180,41.603221,-73.087749,Connecticut
29083,2007,DC,46,38.905985,-77.033418,District of Columbia
29084,2007,DE,62,38.910832,-75.52767,Delaware
29085,2007,FL,199,27.664827,-81.515754,Florida
29086,2007,GA,16,32.157435,-82.907123,Georgia
29087,2007,IA,37,41.878003,-93.097702,Iowa
29088,2007,ID,51,44.068202,-114.742041,Idaho
29089,2007,IL,237,40.633125,-89.398528,Illinois
29090,2007,IN,52,40.551217,-85.602364,Indiana
29091,2007,KS,143,39.011902,-98.484246,Kansas
29092,2007,KY,142,37.839333,-84.270018,Kentucky
29093,2007,LA,34,31.244823,-92.145024,Louisiana
29094,2007,MA,461,42.407211,-71.382437,Massachusetts
29095,2007,MD,176,39.045755,-76.641271,Maryland
29096,2007,ME,88,45.253783,-69.445469,Maine
29097,2007,MI,763,44.314844,-85.602364,Michigan
29098,2007,MN,189,46.729553,-94.6859,Minnesota
29099,2007,MO,145,37.964253,-91.831833,Missouri
29100,2007,MT,32,46.879682,-110.362566,Montana
29101,2007,NE,51,41.492537,-99.901813,Nebraska
29102,2007,NC,87,35.759573,-79.0193,North Carolina
29103,2007,ND,19,47.551493,-101.002012,North Dakota
29104,2007,NH,62,43.193852,-71.572395,New Hampshire
29105,2007,NJ,774,40.058324,-74.405661,New Jersey
29106,2007,NM,17,34.97273,-105.032363,New Mexico
29107,2007,NV,82,38.80261,-116.419389,Nevada
29108,2007,NY,552,43.299428,-74.217933,New York
29109,2007,OH,394,40.417287,-82.907123,Ohio
29110,2007,OK,37,35.007752,-97.092877,Oklahoma
29111,2007,OR,203,43.804133,-120.554201,Oregon
29112,2007,PA,91,41.203322,-77.194525,Pennsylvania
29113,2007,RI,53,41.580095,-71.477429,Rhode Island
29114,2007,SC,147,33.836081,-81.163725,South Carolina
29115,2007,SD,39,43.969515,-99.901813,South Dakota
29116,2007,TN,301,35.517491,-86.580447,Tennessee
29117,2007,TX,308,31.968599,-99.901813,Texas
29118,2007,UT,70,39.32098,-111.093731,Utah
29119,2007,VA,360,37.431573,-78.656894,Virginia
29120,2007,VT,31,44.558803,-72.577841,Vermont
29121,2007,WA,251,47.751074,-120.740139,Washington
29122,2007,WI,81,43.78444,-88.787868,Wisconsin
29123,2007,WV,49,38.597626,-80.454903,West Virginia
29124,2007,WY,23,43.075968,-107.290284,Wyoming
29125,2006,AK,11,63.588753,-154.493062,Alaska
29126,2006,AR,137,35.20105,-91.831833,Arkansas
29127,2006,AZ,284,34.048928,-111.093731,Arizona
29128,2006,CA,1692,36.778261,-119.417932,California
29129,2006,CO,189,39.550051,-105.782067,Colorado
29130,2006,CT,182,41.603221,-73.087749,Connecticut
29131,2006,DC,68,38.905985,-77.033418,District of Columbia
29132,2006,DE,79,38.910832,-75.52767,Delaware
29133,2006,FL,262,27.664827,-81.515754,Florida
29134,2006,GA,17,32.157435,-82.907123,Georgia
29135,2006,IA,45,41.878003,-93.097702,Iowa
29136,2006,ID,25,44.068202,-114.742041,Idaho
29137,2006,IL,201,40.633125,-89.398528,Illinois
29138,2006,IN,45,40.551217,-85.602364,Indiana
29139,2006,KS,141,39.011902,-98.484246,Kansas
29140,2006,KY,78,37.839333,-84.270018,Kentucky
29141,2006,LA,27,31.244823,-92.145024,Louisiana
29142,2006,MA,472,42.407211,-71.382437,Massachusetts
29143,2006,MD,271,39.045755,-76.641271,Maryland
29144,2006,ME,69,45.253783,-69.445469,Maine
29145,2006,MI,728,44.314844,-85.602364,Michigan
29146,2006,MN,168,46.729553,-94.6859,Minnesota
29147,2006,MO,104,37.964253,-91.831833,Missouri
29148,2006,MT,27,46.879682,-110.362566,Montana
29149,2006,NE,67,41.492537,-99.901813,Nebraska
29150,2006,NC,151,35.759573,-79.0193,North Carolina
29151,2006,ND,17,47.551493,-101.002012,North Dakota
29152,2006,NH,48,43.193852,-71.572395,New Hampshire
29153,2006,NJ,803,40.058324,-74.405661,New Jersey
29154,2006,NM,28,34.97273,-105.032363,New Mexico
29155,2006,NV,160,38.80261,-116.419389,Nevada
29156,2006,NY,602,43.299428,-74.217933,New York
29157,2006,OH,367,40.417287,-82.907123,Ohio
29158,2006,OK,78,35.007752,-97.092877,Oklahoma
29159,2006,OR,182,43.804133,-120.554201,Oregon
29160,2006,PA,108,41.203322,-77.194525,Pennsylvania
29161,2006,RI,21,41.580095,-71.477429,Rhode Island
29162,2006,SC,106,33.836081,-81.163725,South Carolina
29163,2006,SD,96,43.969515,-99.901813,South Dakota
29164,2006,TN,256,35.517491,-86.580447,Tennessee
29165,2006,TX,297,31.968599,-99.901813,Texas
29166,2006,UT,48,39.32098,-111.093731,Utah
29167,2006,VA,433,37.431573,-78.656894,Virginia
29168,2006,VT,34,44.558803,-72.577841,Vermont
29169,2006,WA,245,47.751074,-120.740139,Washington
29170,2006,WI,109,43.78444,-88.787868,Wisconsin
29171,2006,WV,38,38.597626,-80.454903,West Virginia
29172,2006,WY,7,43.075968,-107.290284,Wyoming
29173,2005,AK,5,63.588753,-154.493062,Alaska
29174,2005,AR,152,35.20105,-91.831833,Arkansas
29175,2005,AZ,258,34.048928,-111.093731,Arizona
29176,2005,CA,1673,36.778261,-119.417932,California
29177,2005,CO,172,39.550051,-105.782067,Colorado
29178,2005,CT,158,41.603221,-73.087749,Connecticut
29179,2005,DC,64,38.905985,-77.033418,District of Columbia
29180,2005,DE,75,38.910832,-75.52767,Delaware
29181,2005,FL,268,27.664827,-81.515754,Florida
29182,2005,GA,20,32.157435,-82.907123,Georgia
29183,2005,IA,35,41.878003,-93.097702,Iowa
29184,2005,ID,38,44.068202,-114.742041,Idaho
29185,2005,IL,246,40.633125,-89.398528,Illinois
29186,2005,IN,61,40.551217,-85.602364,Indiana
29187,2005,KS,95,39.011902,-98.484246,Kansas
29188,2005,KY,50,37.839333,-84.270018,Kentucky
29189,2005,LA,22,31.244823,-92.145024,Louisiana
29190,2005,MA,479,42.407211,-71.382437,Massachusetts
29191,2005,MD,243,39.045755,-76.641271,Maryland
29192,2005,ME,64,45.253783,-69.445469,Maine
29193,2005,MI,723,44.314844,-85.602364,Michigan
29194,2005,MN,240,46.729553,-94.6859,Minnesota
29195,2005,MO,124,37.964253,-91.831833,Missouri
29196,2005,MT,84,46.879682,-110.362566,Montana
29197,2005,NE,76,41.492537,-99.901813,Nebraska
29198,2005,NC,141,35.759573,-79.0193,North Carolina
29199,2005,ND,14,47.551493,-101.002012,North Dakota
29200,2005,NH,39,43.193852,-71.572395,New Hampshire
29201,2005,NJ,775,40.058324,-74.405661,New Jersey
29202,2005,NM,21,34.97273,-105.032363,New Mexico
29203,2005,NV,113,38.80261,-116.419389,Nevada
29204,2005,NY,518,43.299428,-74.217933,New York
29205,2005,OH,246,40.417287,-82.907123,Ohio
29206,2005,OK,49,35.007752,-97.092877,Oklahoma
29207,2005,OR,165,43.804133,-120.554201,Oregon
29208,2005,PA,89,41.203322,-77.194525,Pennsylvania
29209,2005,RI,15,41.580095,-71.477429,Rhode Island
29210,2005,SC,138,33.836081,-81.163725,South Carolina
29211,2005,SD,12,43.969515,-99.901813,South Dakota
29212,2005,TN,159,35.517491,-86.580447,Tennessee
29213,2005,TX,327,31.968599,-99.901813,Texas
29214,2005,UT,65,39.32098,-111.093731,Utah
29215,2005,VA,346,37.431573,-78.656894,Virginia
29216,2005,VT,46,44.558803,-72.577841,Vermont
29217,2005,WA,242,47.751074,-120.740139,Washington
29218,2005,WI,69,43.78444,-88.787868,Wisconsin
29219,2005,WV,51,38.597626,-80.454903,West Virginia
29220,2005,WY,3,43.075968,-107.290284,Wyoming
29221,2004,AK,12,63.588753,-154.493062,Alaska
29222,2004,AL,5,32.318231,-86.902298,Alabama
29223,2004,AR,92,35.20105,-91.831833,Arkansas
29224,2004,AZ,307,34.048928,-111.093731,Arizona
29225,2004,CA,1752,36.778261,-119.417932,California
29226,2004,CO,78,39.550051,-105.782067,Colorado
29227,2004,CT,172,41.603221,-73.087749,Connecticut
29228,2004,DC,58,38.905985,-77.033418,District of Columbia
29229,2004,DE,60,38.910832,-75.52767,Delaware
29230,2004,FL,344,27.664827,-81.515754,Florida
29231,2004,GA,38,32.157435,-82.907123,Georgia
29232,2004,IA,36,41.878003,-93.097702,Iowa
29233,2004,ID,50,44.068202,-114.742041,Idaho
29234,2004,IL,239,40.633125,-89.398528,Illinois
29235,2004,IN,128,40.551217,-85.602364,Indiana
29236,2004,KS,70,39.011902,-98.484246,Kansas
29237,2004,KY,86,37.839333,-84.270018,Kentucky
29238,2004,LA,34,31.244823,-92.145024,Louisiana
29239,2004,MA,430,42.407211,-71.382437,Massachusetts
29240,2004,MD,284,39.045755,-76.641271,Maryland
29241,2004,ME,93,45.253783,-69.445469,Maine
29242,2004,MI,656,44.314844,-85.602364,Michigan
29243,2004,MN,299,46.729553,-94.6859,Minnesota
29244,2004,MO,98,37.964253,-91.831833,Missouri
29245,2004,MS,2,32.354668,-89.398528,Mississippi
29246,2004,MT,73,46.879682,-110.362566,Montana
29247,2004,NE,68,41.492537,-99.901813,Nebraska
29248,2004,NC,90,35.759573,-79.0193,North Carolina
29249,2004,ND,12,47.551493,-101.002012,North Dakota
29250,2004,NH,69,43.193852,-71.572395,New Hampshire
29251,2004,NJ,826,40.058324,-74.405661,New Jersey
29252,2004,NM,25,34.97273,-105.032363,New Mexico
29253,2004,NV,109,38.80261,-116.419389,Nevada
29254,2004,NY,426,43.299428,-74.217933,New York
29255,2004,OH,501,40.417287,-82.907123,Ohio
29256,2004,OK,81,35.007752,-97.092877,Oklahoma
29257,2004,OR,188,43.804133,-120.554201,Oregon
29258,2004,PA,126,41.203322,-77.194525,Pennsylvania
29259,2004,RI,34,41.580095,-71.477429,Rhode Island
29260,2004,SC,129,33.836081,-81.163725,South Carolina
29261,2004,SD,7,43.969515,-99.901813,South Dakota
29262,2004,TN,163,35.517491,-86.580447,Tennessee
29263,2004,TX,383,31.968599,-99.901813,Texas
29264,2004,UT,85,39.32098,-111.093731,Utah
29265,2004,VA,362,37.431573,-78.656894,Virginia
29266,2004,VT,34,44.558803,-72.577841,Vermont
29267,2004,WA,238,47.751074,-120.740139,Washington
29268,2004,WI,61,43.78444,-88.787868,Wisconsin
29269,2004,WV,50,38.597626,-80.454903,West Virginia
29270,2004,WY,7,43.075968,-107.290284,Wyoming
29271,2003,AK,15,63.588753,-154.493062,Alaska
29272,2003,AL,2,32.318231,-86.902298,Alabama
29273,2003,AR,199,35.20105,-91.831833,Arkansas
29274,2003,AZ,312,34.048928,-111.093731,Arizona
29275,2003,CA,1793,36.778261,-119.417932,California
29276,2003,CO,111,39.550051,-105.782067,Colorado
29277,2003,CT,216,41.603221,-73.087749,Connecticut
29278,2003,DC,35,38.905985,-77.033418,District of Columbia
29279,2003,DE,24,38.910832,-75.52767,Delaware
29280,2003,FL,281,27.664827,-81.515754,Florida
29281,2003,GA,28,32.157435,-82.907123,Georgia
29282,2003,IA,65,41.878003,-93.097702,Iowa
29283,2003,ID,25,44.068202,-114.742041,Idaho
29284,2003,IL,284,40.633125,-89.398528,Illinois
29285,2003,IN,114,40.551217,-85.602364,Indiana
29286,2003,KS,59,39.011902,-98.484246,Kansas
29287,2003,KY,100,37.839333,-84.270018,Kentucky
29288,2003,LA,7,31.244823,-92.145024,Louisiana
29289,2003,MA,487,42.407211,-71.382437,Massachusetts
29290,2003,MD,281,39.045755,-76.641271,Maryland
29291,2003,ME,106,45.253783,-69.445469,Maine
29292,2003,MI,493,44.314844,-85.602364,Michigan
29293,2003,MN,257,46.729553,-94.6859,Minnesota
29294,2003,MO,73,37.964253,-91.831833,Missouri
29295,2003,MS,1,32.354668,-89.398528,Mississippi
29296,2003,MT,6,46.879682,-110.362566,Montana
29297,2003,NE,51,41.492537,-99.901813,Nebraska
29298,2003,NC,112,35.759573,-79.0193,North Carolina
29299,2003,ND,12,47.551493,-101.002012,North Dakota
29300,2003,NH,44,43.193852,-71.572395,New Hampshire
29301,2003,NJ,640,40.058324,-74.405661,New Jersey
29302,2003,NM,12,34.97273,-105.032363,New Mexico
29303,2003,NV,120,38.80261,-116.419389,Nevada
29304,2003,NY,643,43.299428,-74.217933,New York
29305,2003,OH,284,40.417287,-82.907123,Ohio
29306,2003,OK,49,35.007752,-97.092877,Oklahoma
29307,2003,OR,112,43.804133,-120.554201,Oregon
29308,2003,PA,147,41.203322,-77.194525,Pennsylvania
29309,2003,RI,55,41.580095,-71.477429,Rhode Island
29310,2003,SC,84,33.836081,-81.163725,South Carolina
29311,2003,SD,15,43.969515,-99.901813,South Dakota
29312,2003,TN,240,35.517491,-86.580447,Tennessee
29313,2003,TX,334,31.968599,-99.901813,Texas
29314,2003,UT,79,39.32098,-111.093731,Utah
29315,2003,VA,358,37.431573,-78.656894,Virginia
29316,2003,VT,34,44.558803,-72.577841,Vermont
29317,2003,WA,295,47.751074,-120.740139,Washington
29318,2003,WI,44,43.78444,-88.787868,Wisconsin
29319,2003,WV,35,38.597626,-80.454903,West Virginia
29320,2003,WY,13,43.075968,-107.290284,Wyoming
29321,2002,AK,7,63.588753,-154.493062,Alaska
29322,2002,AL,2,32.318231,-86.902298,Alabama
29323,2002,AZ,337,34.048928,-111.093731,Arizona
29324,2002,CA,1998,36.778261,-119.417932,California
29325,2002,CO,131,39.550051,-105.782067,Colorado
29326,2002,CT,180,41.603221,-73.087749,Connecticut
29327,2002,DC,18,38.905985,-77.033418,District of Columbia
29328,2002,DE,15,38.910832,-75.52767,Delaware
29329,2002,FL,315,27.664827,-81.515754,Florida
29330,2002,GA,41,32.157435,-82.907123,Georgia
29331,2002,IA,52,41.878003,-93.097702,Iowa
29332,2002,ID,54,44.068202,-114.742041,Idaho
29333,2002,IL,204,40.633125,-89.398528,Illinois
29334,2002,IN,109,40.551217,-85.602364,Indiana
29335,2002,KS,78,39.011902,-98.484246,Kansas
29336,2002,KY,96,37.839333,-84.270018,Kentucky
29337,2002,LA,29,31.244823,-92.145024,Louisiana
29338,2002,MA,504,42.407211,-71.382437,Massachusetts
29339,2002,MD,229,39.045755,-76.641271,Maryland
29340,2002,ME,48,45.253783,-69.445469,Maine
29341,2002,MI,496,44.314844,-85.602364,Michigan
29342,2002,MN,248,46.729553,-94.6859,Minnesota
29343,2002,MO,76,37.964253,-91.831833,Missouri
29344,2002,MS,4,32.354668,-89.398528,Mississippi
29345,2002,MT,25,46.879682,-110.362566,Montana
29346,2002,NE,66,41.492537,-99.901813,Nebraska
29347,2002,NC,76,35.759573,-79.0193,North Carolina
29348,2002,ND,20,47.551493,-101.002012,North Dakota
29349,2002,NH,37,43.193852,-71.572395,New Hampshire
29350,2002,NJ,615,40.058324,-74.405661,New Jersey
29351,2002,NM,15,34.97273,-105.032363,New Mexico
29352,2002,NV,76,38.80261,-116.419389,Nevada
29353,2002,NY,864,43.299428,-74.217933,New York
29354,2002,OH,327,40.417287,-82.907123,Ohio
29355,2002,OK,61,35.007752,-97.092877,Oklahoma
29356,2002,OR,85,43.804133,-120.554201,Oregon
29357,2002,PA,116,41.203322,-77.194525,Pennsylvania
29358,2002,RI,44,41.580095,-71.477429,Rhode Island
29359,2002,SC,84,33.836081,-81.163725,South Carolina
29360,2002,SD,6,43.969515,-99.901813,South Dakota
29361,2002,TN,159,35.517491,-86.580447,Tennessee
29362,2002,TX,459,31.968599,-99.901813,Texas
29363,2002,UT,68,39.32098,-111.093731,Utah
29364,2002,VA,404,37.431573,-78.656894,Virginia
29365,2002,VT,26,44.558803,-72.577841,Vermont
29366,2002,WA,229,47.751074,-120.740139,Washington
29367,2002,WI,45,43.78444,-88.787868,Wisconsin
29368,2002,WV,55,38.597626,-80.454903,West Virginia
29369,2002,WY,6,43.075968,-107.290284,Wyoming
29370,2001,AK,25,63.588753,-154.493062,Alaska
29371,2001,AR,3,35.20105,-91.831833,Arkansas
29372,2001,AZ,531,34.048928,-111.093731,Arizona
29373,2001,CA,2794,36.778261,-119.417932,California
29374,2001,CO,181,39.550051,-105.782067,Colorado
29375,2001,CT,238,41.603221,-73.087749,Connecticut
29376,2001,DC,13,38.905985,-77.033418,District of Columbia
29377,2001,DE,26,38.910832,-75.52767,Delaware
29378,2001,FL,340,27.664827,-81.515754,Florida
29379,2001,GA,51,32.157435,-82.907123,Georgia
29380,2001,IA,38,41.878003,-93.097702,Iowa
29381,2001,ID,44,44.068202,-114.742041,Idaho
29382,2001,IL,369,40.633125,-89.398528,Illinois
29383,2001,IN,191,40.551217,-85.602364,Indiana
29384,2001,KS,109,39.011902,-98.484246,Kansas
29385,2001,KY,103,37.839333,-84.270018,Kentucky
29386,2001,LA,10,31.244823,-92.145024,Louisiana
29387,2001,MA,716,42.407211,-71.382437,Massachusetts
29388,2001,MD,253,39.045755,-76.641271,Maryland
29389,2001,ME,43,45.253783,-69.445469,Maine
29390,2001,MI,521,44.314844,-85.602364,Michigan
29391,2001,MN,260,46.729553,-94.6859,Minnesota
29392,2001,MO,119,37.964253,-91.831833,Missouri
29393,2001,MS,3,32.354668,-89.398528,Mississippi
29394,2001,MT,16,46.879682,-110.362566,Montana
29395,2001,NE,76,41.492537,-99.901813,Nebraska
29396,2001,NC,107,35.759573,-79.0193,North Carolina
29397,2001,ND,21,47.551493,-101.002012,North Dakota
29398,2001,NH,30,43.193852,-71.572395,New Hampshire
29399,2001,NJ,806,40.058324,-74.405661,New Jersey
29400,2001,NM,23,34.97273,-105.032363,New Mexico
29401,2001,NV,129,38.80261,-116.419389,Nevada
29402,2001,NY,863,43.299428,-74.217933,New York
29403,2001,OH,489,40.417287,-82.907123,Ohio
29404,2001,OK,61,35.007752,-97.092877,Oklahoma
29405,2001,OR,262,43.804133,-120.554201,Oregon
29406,2001,PA,208,41.203322,-77.194525,Pennsylvania
29407,2001,RI,68,41.580095,-71.477429,Rhode Island
29408,2001,SC,67,33.836081,-81.163725,South Carolina
29409,2001,SD,5,43.969515,-99.901813,South Dakota
29410,2001,TN,227,35.517491,-86.580447,Tennessee
29411,2001,TX,563,31.968599,-99.901813,Texas
29412,2001,UT,88,39.32098,-111.093731,Utah
29413,2001,VA,445,37.431573,-78.656894,Virginia
29414,2001,VT,23,44.558803,-72.577841,Vermont
29415,2001,WA,372,47.751074,-120.740139,Washington
29416,2001,WI,79,43.78444,-88.787868,Wisconsin
29417,2001,WV,49,38.597626,-80.454903,West Virginia
29418,2001,WY,10,43.075968,-107.290284,Wyoming
